merchant,price,ids,image,product title
EDucation,45.79,asin:950108540,http://ecx.images-amazon.com/images/I/51B3NTRZSQL.jpg,Sleeping Beauty (BBC Cover to Cover)
Tujis Tools,46.49,"asin:326252808, isbn:211854375",http://ecx.images-amazon.com/images/I/51jnXrWgrJL.jpg,The Jags: Your Turn in Goal
Tujis Tools,24.56,mpn:271933964,http://ecx.images-amazon.com/images/I/51D75sVz3KL.jpg,The Great Poets: William Blake (Naxos Great Poets)
Magic Mikes Merchandise,5.31,"sku:529154996, mpn:127392760, ean:205111046",http://ecx.images-amazon.com/images/I/517XKGCKA5L.jpg,The Computer Wore Tennis Shoes [DVD]
Magic Mikes Merchandise,8.98,"mpn:34799716, asin:339562982, sku:632311376",http://ecx.images-amazon.com/images/I/51EMHE1V3HL.jpg,The Lovers - The Complete Series [DVD]
EDucation,43.61,"mpn:396766107, asin:238002956, isbn:131956280",http://ecx.images-amazon.com/images/I/51RetqnU9ZL.jpg,Not Here To Be Loved [2007] [DVD]
Magic Mikes Merchandise,14.03,"sku:673850439, isbn:592761139, ean:168279490",http://ecx.images-amazon.com/images/I/51LW3Epnp7L.jpg,Four Minutes [2006] [DVD]
Tujis Tools,33.78,"sku:269685580, ean:10141094",http://ecx.images-amazon.com/images/I/51-ocgijEnL.jpg,Wire in the Blood: Series 1 and 2 (5 Disc Box Set) [DVD]
SteveYeah Store,11.4,asin:741134801,http://ecx.images-amazon.com/images/I/5148LuDRF3L.jpg,Boogie With Canned Heat [DVD] [2007]
EDucation,16.95,mpn:603626966,http://ecx.images-amazon.com/images/I/513kSa81qSL.jpg,He's Got the Whole World in His Hands
SteveYeah Store,23.43,asin:587328967,http://ecx.images-amazon.com/images/I/51dntjuRyeL.jpg,Mouth to Mouth [2005] [DVD]
Magic Mikes Merchandise,29.76,"mpn:732914503, sku:555087993",http://ecx.images-amazon.com/images/I/51NGIqENcuL.jpg,Quincy Jones' 75th Birthday Celebration - Live At Montreux 2008 [Blu-ray] [2009]
SteveYeah Store,48.78,"asin:553883053, ean:669080310",http://ecx.images-amazon.com/images/I/51w-1e6O5wL.jpg,Love Affair - The Best of the Good Times
EDucation,25.49,"mpn:21404134, ean:364480159",http://ecx.images-amazon.com/images/I/51q5nzAYArL.jpg,I Am Curious Yellow/I Am Curious Blue [DVD]
Magic Mikes Merchandise,24.15,"sku:289189296, asin:876172556",http://ecx.images-amazon.com/images/I/414GNVJR1SL.jpg,Cyrano De Bergerac [DVD]
Magic Mikes Merchandise,39.43,asin:309525356,http://ecx.images-amazon.com/images/I/41QTHRlBPWL.jpg,The Very Best of Hot Chocolate
Magic Mikes Merchandise,25.83,"sku:827968029, asin:232514175, mpn:109093268",http://ecx.images-amazon.com/images/I/31e9rRFSolL.jpg,Trans-Europe Express
Tujis Tools,18.42,"mpn:102193090, isbn:235868354",http://ecx.images-amazon.com/images/I/51xQyOglAwL.jpg,Waiting For Columbus
SteveYeah Store,36.35,asin:283059024,http://ecx.images-amazon.com/images/I/61KpaBYdoRL.jpg,Doomsday Ep
SteveYeah Store,37.54,ean:832821758,http://ecx.images-amazon.com/images/I/61XRmR13jPL.jpg,200% Dynamite
Magic Mikes Merchandise,37.54,"sku:38124966, isbn:326139753",http://ecx.images-amazon.com/images/I/61OQ3487rAL.jpg,Rembetika: Greek Music From The Underground
Magic Mikes Merchandise,44.45,"isbn:557251172, ean:860768652",http://ecx.images-amazon.com/images/I/61PJNXYUQML.jpg,Epitaph
SteveYeah Store,46.95,"sku:76323442, ean:804551006",http://ecx.images-amazon.com/images/I/41dxPXarYHL.jpg,No More To The Dance
Tujis Tools,42.68,"sku:834024060, isbn:401135832, ean:939219357",http://ecx.images-amazon.com/images/I/61AEFivKWZL.jpg,Everything You Love Will Be Taken Away
Tujis Tools,25.66,mpn:783241598,http://ecx.images-amazon.com/images/I/41QQC5YsL0L.jpg,Byker Hill
SteveYeah Store,9.98,ean:530107590,http://ecx.images-amazon.com/images/I/51EMHE1V3HL.jpg,The Lovers - The Complete Series [DVD]
Magic Mikes Merchandise,25.95,ean:354466361,http://ecx.images-amazon.com/images/I/513kSa81qSL.jpg,He's Got the Whole World in His Hands
SteveYeah Store,34.15,ean:67139504,http://ecx.images-amazon.com/images/I/414GNVJR1SL.jpg,Cyrano De Bergerac [DVD]
Magic Mikes Merchandise,45.54,sku:96686234,http://ecx.images-amazon.com/images/I/61XRmR13jPL.jpg,200% Dynamite
SteveYeah Store,29.66,asin:233793187,http://ecx.images-amazon.com/images/I/41QQC5YsL0L.jpg,Byker Hill
